{
  "mirror": {
    "cards": [
      {
        "cls": "_item_cf0pr_414",
        "img": {
          "h": 197.5,
          "w": 260,
          "x": 112,
          "y": 229.75
        },
        "more": {
          "h": 12,
          "w": 260,
          "x": 92,
          "y": 435.25
        },
        "rect": {
          "h": 376.5,
          "w": 260,
          "x": 112,
          "y": 209.75
        },
        "style": "max-width: 260px; touch-action: pan-y; translate: none; rotate: none; scale: none; opacity: 1; transform: translate(0%, 0px);",
        "svgPath": "M0 3.96585H7.91349L5.05089 1.09053L5.81425 0.314453L10 4.5002L5.81425 8.68596L5.05089 7.9226L7.91349 5.04728H0V3.96585Z",
        "text": "View project"
      },
      {
        "cls": "_item_cf0pr_414",
        "img": {
          "h": 143.1979217529297,
          "w": 260,
          "x": 518.6666870117188,
          "y": 229.75
        },
        "more": {
          "h": 12,
          "w": 260,
          "x": 498.66668701171875,
          "y": 380.94793701171875
        },
        "rect": {
          "h": 376.5,
          "w": 260,
          "x": 518.6666870117188,
          "y": 209.75
        },
        "style": "max-width: 260px; touch-action: pan-y; translate: none; rotate: none; scale: none; opacity: 1; transform: translate(0%, 0px);",
        "svgPath": "M0 3.96585H7.91349L5.05089 1.09053L5.81425 0.314453L10 4.5002L5.81425 8.68596L5.05089 7.9226L7.91349 5.04728H0V3.96585Z",
        "text": "View project"
      },
      {
        "cls": "_item_cf0pr_414",
        "img": {
          "h": 252.5,
          "w": 260,
          "x": 925.3333740234375,
          "y": 229.75
        },
        "more": {
          "h": 12,
          "w": 260,
          "x": 905.3333740234375,
          "y": 490.25
        },
        "rect": {
          "h": 376.5,
          "w": 260,
          "x": 925.3333740234375,
          "y": 209.75
        },
        "style": "max-width: 260px; touch-action: pan-y; translate: none; rotate: none; scale: none; opacity: 1; transform: translate(0%, 0px);",
        "svgPath": "M0 3.96585H7.91349L5.05089 1.09053L5.81425 0.314453L10 4.5002L5.81425 8.68596L5.05089 7.9226L7.91349 5.04728H0V3.96585Z",
        "text": "View project"
      },
      {
        "cls": "_item_cf0pr_414",
        "img": {
          "h": 336.5,
          "w": 260,
          "x": 1332,
          "y": 229.75
        },
        "more": {
          "h": 12,
          "w": 260,
          "x": 1312,
          "y": 574.25
        },
        "rect": {
          "h": 376.5,
          "w": 260,
          "x": 1332,
          "y": 209.75
        },
        "style": "max-width: 260px; touch-action: pan-y; translate: none; rotate: none; scale: none; opacity: 1; transform: translate3d(0%, 0px, 0px);",
        "svgPath": "M0 3.96585H7.91349L5.05089 1.09053L5.81425 0.314453L10 4.5002L5.81425 8.68596L5.05089 7.9226L7.91349 5.04728H0V3.96585Z",
        "text": "View project"
      },
      {
        "cls": "_item_cf0pr_414",
        "img": {
          "h": 151.84375,
          "w": 260,
          "x": 1738.670654296875,
          "y": 229.75
        },
        "more": {
          "h": 12,
          "w": 260,
          "x": 1718.670654296875,
          "y": 389.59375
        },
        "rect": {
          "h": 376.5,
          "w": 260,
          "x": 1738.670654296875,
          "y": 209.75
        },
        "style": "max-width: 260px; touch-action: pan-y; translate: none; rotate: none; scale: none; opacity: 1; transform: translate3d(0.0015%, 0px, 0px);",
        "svgPath": "M0 3.96585H7.91349L5.05089 1.09053L5.81425 0.314453L10 4.5002L5.81425 8.68596L5.05089 7.9226L7.91349 5.04728H0V3.96585Z",
        "text": "View project"
      }
    ],
    "logs": [],
    "navLinks": [
      {
        "lineHeight": "12px",
        "rect": {
          "h": 44,
          "w": 94.69792175292969,
          "x": 97,
          "y": 61
        },
        "svg": null,
        "text": "Examples"
      },
      {
        "lineHeight": "12px",
        "rect": {
          "h": 44,
          "w": 71.34375,
          "x": 1111.65625,
          "y": 61
        },
        "svg": null,
        "text": "About"
      },
      {
        "lineHeight": "12px",
        "rect": {
          "h": 44,
          "w": 86.13542175292969,
          "x": 97,
          "y": 615
        },
        "svg": {
          "h": 12,
          "w": 12,
          "x": 156.1354217529297,
          "y": 630
        },
        "text": "SAVEE"
      },
      {
        "lineHeight": "12px",
        "rect": {
          "h": 44,
          "w": 117.44792175292969,
          "x": 1065.5521240234375,
          "y": 615
        },
        "svg": {
          "h": 12,
          "w": 12,
          "x": 1156,
          "y": 630
        },
        "text": "Instagram"
      }
    ],
    "track": {
      "gap": "146.667px",
      "padding": "0px 112px",
      "rect": {
        "h": 376.5,
        "w": 2110.666748046875,
        "x": 0,
        "y": 209.75
      },
      "scrollWidth": 2111,
      "transform": "matrix(1, 0, 0, 1, 0, 0)"
    },
    "url": "http://127.0.0.1:8769/examples/",
    "viewport": {
      "cursor": "auto",
      "overflow": "visible",
      "rect": {
        "h": 376.5,
        "w": 1280,
        "x": 0,
        "y": 209.75
      }
    }
  },
  "local": {
    "cards": [
      {
        "cls": "example-card",
        "img": {
          "h": 197.5,
          "w": 260,
          "x": 112,
          "y": 228.83334350585938
        },
        "more": {
          "h": 12,
          "w": 105.01042175292969,
          "x": 92,
          "y": 434.3333435058594
        },
        "rect": {
          "h": 378.3333435058594,
          "w": 260,
          "x": 112,
          "y": 208.83334350585938
        },
        "style": "max-width: 260px;",
        "svgPath": "M0 3.96585H7.91349L5.05089 1.09053L5.81425 0.314453L10 4.5002L5.81425 8.68596L5.05089 7.9226L7.91349 5.04728H0V3.96585Z",
        "text": "01. Monoform View project"
      },
      {
        "cls": "example-card",
        "img": {
          "h": 143.1979217529297,
          "w": 260,
          "x": 518.6666870117188,
          "y": 228.83334350585938
        },
        "more": {
          "h": 12,
          "w": 105.01042175292969,
          "x": 498.66668701171875,
          "y": 380.03125
        },
        "rect": {
          "h": 378.3333435058594,
          "w": 260,
          "x": 518.6666870117188,
          "y": 208.83334350585938
        },
        "style": "max-width: 260px;",
        "svgPath": "M0 3.96585H7.91349L5.05089 1.09053L5.81425 0.314453L10 4.5002L5.81425 8.68596L5.05089 7.9226L7.91349 5.04728H0V3.96585Z",
        "text": "02. New Normal View project"
      },
      {
        "cls": "example-card",
        "img": {
          "h": 252.5,
          "w": 260,
          "x": 925.3333740234375,
          "y": 228.83334350585938
        },
        "more": {
          "h": 12,
          "w": 105.01042175292969,
          "x": 905.3333740234375,
          "y": 489.3333435058594
        },
        "rect": {
          "h": 378.3333435058594,
          "w": 260,
          "x": 925.3333740234375,
          "y": 208.83334350585938
        },
        "style": "max-width: 260px;",
        "svgPath": "M0 3.96585H7.91349L5.05089 1.09053L5.81425 0.314453L10 4.5002L5.81425 8.68596L5.05089 7.9226L7.91349 5.04728H0V3.96585Z",
        "text": "03. Nothing View project"
      },
      {
        "cls": "example-card",
        "img": {
          "h": 336.5,
          "w": 260.0000915527344,
          "x": 1332.016845703125,
          "y": 228.83334350585938
        },
        "more": {
          "h": 12,
          "w": 105.010498046875,
          "x": 1312.016845703125,
          "y": 573.3333740234375
        },
        "rect": {
          "h": 378.3333435058594,
          "w": 260.0000915527344,
          "x": 1332.016845703125,
          "y": 208.83334350585938
        },
        "style": "max-width: 260px;",